<?xml version="1.0" encoding="utf-8" ?><dwsync><file name="flickr-public.php" server="files.srcf.ucam.org/thmcr/public_html/" local="3393956616" remote="16278858505" /><file name="readme.txt" server="files.srcf.ucam.org/thmcr/public_html/" local="3388473616" remote="20568342800" /><file name="admin.css" server="files.srcf.ucam.org/thmcr/public_html/" local="3388473616" remote="20568342800" /><file name="custom.css" server="files.srcf.ucam.org/thmcr/public_html/" local="3388473616" remote="20568342800" /><file name="flickr-admin.php" server="files.srcf.ucam.org/thmcr/public_html/" local="3393956893" remote="16278858783" /><file name="custom.js" server="files.srcf.ucam.org/thmcr/public_html/" local="3388473616" remote="20568342800" /><file name="flickr.php" server="files.srcf.ucam.org/thmcr/public_html/" local="3393956927" remote="16278858817" /><file name="admin.js" server="files.srcf.ucam.org/thmcr/public_html/" local="3388473616" remote="20568342800" /><file name="skeleton.css" server="files.srcf.ucam.org/thmcr/public_html/" local="3388473616" remote="20568342800" /></dwsync>